,hedge_ratio,sid_1,sid_2,i
0,[152.03564053 -89.3768003 ],BTC,ETH,0
1,[ 61.70677811 -39.18629847],ETH,ONT,1
2,[ 71.64897177 -28.18070907],BCH,IOTA,2
3,[ 56.5220325 -49.7485617],LINK,ONT,3
4,[ 42.69047446 -45.47905896],XLM,BNB,4
5,[ 92.08877429 -51.33758333],XLM,IOTA,5
6,[ 59.26243447 -57.11588887],ADA,IOTA,6
7,[115.25259898 -40.48553431],XMR,BNB,7
8,[ 25.32473947 -36.44517572],DASH,BNB,8
9,[ 53.3432081  -62.02114615],BNB,ATOM,9
10,[ 30.34026586 -16.56643891],BNB,ONT,10
